ts,machine,cycle_time_sec,failure
2017-01-01 01:00:40,1,131.2319147871043,0
2017-01-01 02:00:33,2,138.3918591539039,0
2017-01-01 02:59:40,2,181.74356282771228,0
2017-01-01 03:59:22,1,119.48421138771694,0
2017-01-01 04:59:28,1,152.9084601419194,0
2017-01-01 05:59:28,1,98.46434498956815,0
2017-01-01 06:58:19,2,233.07844060019778,0
2017-01-01 07:59:37,2,197.61535122817293,0
2017-01-01 09:00:43,1,154.22816651504814,0
2017-01-01 10:00:17,2,182.888805316622,0
2017-01-01 10:59:28,1,143.94113693432945,0
2017-01-01 11:59:06,1,102.05015789067924,0
2017-01-01 12:58:44,2,119.82676494594946,0
2017-01-01 13:59:01,1,109.77821968073533,0
2017-01-01 14:57:59,1,158.93937396488533,0
2017-01-01 15:56:31,2,190.2723690225489,0
2017-01-01 16:56:17,1,118.84188773780329,0
2017-01-01 17:56:55,2,194.0747703109375,0
2017-01-01 18:57:44,2,162.51549312983013,0
2017-01-01 19:59:41,2,135.68766703737384,0
2017-01-01 21:00:44,1,114.92282125891795,0
2017-01-01 22:00:45,1,136.7356395228628,0
2017-01-01 23:00:45,1,102.03498592773661,0
2017-01-01 23:59:17,1,180.50474453439386,0
2017-01-02 00:58:10,2,244.1709764365204,0
2017-01-02 01:57:33,1,144.8946729628418,0
2017-01-02 02:57:00,1,160.39300330183534,0
2017-01-02 03:55:32,2,183.38428011340326,0
2017-01-02 04:54:55,2,265.244487991699,0
2017-01-02 05:55:41,1,168.23331712947498,0
2017-01-02 06:55:43,2,191.87215510166465,0
2017-01-02 07:56:51,1,57.059101757191044,0
2017-01-02 08:56:16,2,241.5761942686267,0
2017-01-02 09:57:43,1,135.5837254486488,0
2017-01-02 10:57:48,2,177.71209978910562,0
2017-01-02 11:57:21,1,107.73828811180583,0
2017-01-02 12:55:39,1,106.78600982500693,0
2017-01-02 13:56:07,2,135.57860564006384,0
2017-01-02 14:56:01,1,100.31319675140016,0
2017-01-02 15:56:53,1,135.3084813050767,0
2017-01-02 16:56:50,2,176.03472708136383,0
2017-01-02 17:56:51,1,99.1227027842028,0
2017-01-02 18:56:26,2,250.04437221241295,0
2017-01-02 19:55:03,2,219.35670390829978,0
2017-01-02 20:54:59,2,119.4432614670344,0
2017-01-02 21:55:29,2,122.62442746247886,0
2017-01-02 22:56:42,1,111.7472721513478,0
2017-01-02 23:56:19,1,72.1437350109801,0
2017-01-03 00:56:00,1,86.4037522588992,0
2017-01-03 01:55:06,1,105.19375133138647,0
2017-01-03 02:54:51,2,169.81378438122493,0
2017-01-03 03:55:06,2,174.41974692312414,0
2017-01-03 04:55:10,2,169.27929613533672,0
2017-01-03 05:54:28,2,224.98329195421098,0
2017-01-03 06:54:29,1,105.85522518849105,0
2017-01-03 07:55:55,1,109.71151810330004,0
2017-01-03 08:55:33,2,211.10590820572688,0
2017-01-03 09:56:13,1,117.69577843088123,0
2017-01-03 10:56:02,1,106.92538225159525,0
2017-01-03 11:56:40,1,120.20467698863608,0
2017-01-03 12:57:42,2,200.69854243628407,0
2017-01-03 13:59:37,2,162.4185609291863,0
2017-01-03 14:58:50,2,118.33675709334253,0
2017-01-03 15:58:32,1,136.3731803751093,0
2017-01-03 16:58:08,1,190.561539059908,0
2017-01-03 17:56:04,2,179.9209086220596,0
2017-01-03 18:56:11,2,189.87472729880938,0
2017-01-03 19:57:35,2,238.09964239452668,0
2017-01-03 20:57:40,2,151.51950902982804,0
2017-01-03 21:56:16,1,124.03564863119149,0
2017-01-03 22:54:54,1,70.6340094532388,0
2017-01-03 23:57:03,2,228.64306400815218,0
2017-01-04 00:57:32,2,217.6664940252245,0
2017-01-04 01:57:37,2,213.41247012237503,0
2017-01-04 02:57:07,1,124.67946716827613,0
2017-01-04 03:55:07,2,147.72542760026533,0
2017-01-04 04:53:11,1,136.4591403987344,0
2017-01-04 05:54:01,1,104.14289015823866,0
2017-01-04 06:53:37,2,186.25181752130447,0
2017-01-04 07:52:40,1,110.87380043197986,0
2017-01-04 08:52:58,2,196.588333687293,0
2017-01-04 09:52:37,2,137.30418064174756,0
2017-01-04 10:53:50,2,166.63707209804272,0
2017-01-04 11:54:43,2,221.6558365719757,0
2017-01-04 12:56:17,2,207.40386026813138,0
2017-01-04 13:56:03,2,202.16053079054967,0
2017-01-04 14:56:05,1,111.23937981730724,0
2017-01-04 15:55:51,2,196.97224015916166,0
2017-01-04 16:57:53,1,84.7192252079538,0
2017-01-04 17:58:08,2,165.98058163902016,0
2017-01-04 19:00:02,1,135.43452189411917,0
2017-01-04 20:00:18,1,160.05497906287872,0
2017-01-04 20:58:12,1,139.3307297277333,0
2017-01-04 21:58:31,2,138.81381187550537,0
2017-01-04 22:58:05,1,65.28479956887816,0
2017-01-04 23:58:05,2,195.5031919400373,0
2017-01-05 00:57:32,1,166.2515522356715,0
2017-01-05 01:59:00,2,186.93452217244268,0
2017-01-05 03:00:00,1,161.27783751742265,0
2017-01-05 03:58:01,1,100.73228604530708,0
2017-01-05 04:59:44,2,253.0126222433497,0
2017-01-05 05:59:52,2,128.05501610753151,0
2017-01-05 06:59:20,1,109.96273916267366,0
2017-01-05 07:58:12,1,101.03809803351915,0
2017-01-05 08:57:44,1,99.74960264278845,0
2017-01-05 09:58:35,2,230.31472573108158,0
2017-01-05 10:57:57,1,146.77242607713958,0
2017-01-05 11:57:09,1,121.90149919976368,0
2017-01-05 12:56:14,1,153.63662829967362,0
2017-01-05 13:55:16,2,151.23945561384136,0
2017-01-05 14:54:48,2,123.20803543269494,0
2017-01-05 15:54:20,1,175.73224025271662,0
2017-01-05 16:53:38,1,94.65597520647475,0
2017-01-05 17:54:26,2,176.3491070783182,0
2017-01-05 18:54:36,2,207.7755092019458,0
2017-01-05 19:56:36,1,78.99969875924694,0
2017-01-05 20:58:48,2,231.03030432854376,0
2017-01-05 21:59:38,1,100.17008887218128,0
2017-01-05 23:00:03,2,176.25219724995983,0
2017-01-06 00:00:07,1,149.38953121355664,0
2017-01-06 00:57:50,2,238.76526706176253,0
2017-01-06 01:57:39,2,174.1529316095569,0
2017-01-06 02:58:31,1,136.89714425334083,0
2017-01-06 03:57:45,1,146.46637301642903,0
2017-01-06 04:55:17,2,179.6486969678678,0
2017-01-06 05:53:49,2,93.12347160856197,0
2017-01-06 06:53:56,1,133.70778281156763,0
2017-01-06 07:52:37,2,162.27701816952566,0
2017-01-06 08:52:57,1,116.03985477932954,0
2017-01-06 09:52:36,1,600.0,1
2017-01-06 10:50:15,2,153.02999181627285,0
2017-01-06 11:50:35,2,170.69933448956607,0
2017-01-06 12:51:21,2,168.88139353591737,0
2017-01-06 13:51:23,1,96.90862308890829,0
2017-01-06 14:50:59,2,155.19142383120985,0
2017-01-06 15:51:06,2,214.6924079843227,0
2017-01-06 16:50:34,1,127.65019314804054,0
2017-01-06 17:51:23,1,145.33649585870725,0
2017-01-06 18:51:31,2,184.8694399655195,0
2017-01-06 19:52:33,2,188.4477031377728,0
2017-01-06 20:52:38,2,150.96850925109618,0
2017-01-06 21:52:44,1,120.31052592228889,0
2017-01-06 22:51:48,1,135.9989180371855,0
2017-01-06 23:51:07,2,102.6885008418849,0
2017-01-07 00:50:12,1,97.59742921977552,0
2017-01-07 01:50:37,2,216.32793262648028,0
2017-01-07 02:52:29,1,72.01657761081118,0
2017-01-07 03:52:18,2,187.6971406974622,0
2017-01-07 04:52:20,2,165.15393550673048,0
2017-01-07 05:54:07,1,119.67682040753633,0
2017-01-07 06:53:49,2,226.99472286645587,0
2017-01-07 07:52:45,1,127.07449741376638,0
2017-01-07 08:52:43,2,66.66419325821556,0
2017-01-07 09:53:25,1,57.027021396326575,0
2017-01-07 10:54:05,1,141.93739196912082,0
2017-01-07 11:52:58,1,139.2622777464814,0
2017-01-07 12:51:55,1,124.15157082026545,0
2017-01-07 13:52:12,2,138.97147548069597,0
2017-01-07 14:52:07,2,171.98976247338442,0
2017-01-07 15:51:49,1,130.02207485094252,0
2017-01-07 16:51:50,2,136.06444473866344,0
2017-01-07 17:51:35,2,173.58889349605246,0
2017-01-07 18:50:30,1,131.83465675254706,0
2017-01-07 19:49:41,2,170.5457273269438,0
2017-01-07 20:48:24,2,141.0600834393652,0
2017-01-07 21:49:15,2,147.52130112178236,0
2017-01-07 22:47:35,2,248.4220020870261,0
2017-01-07 23:45:48,1,97.81731099555942,0
2017-01-08 00:45:50,1,101.70994138869592,0
2017-01-08 01:47:22,1,116.72705261322118,0
2017-01-08 02:46:16,2,93.70503669453392,0
2017-01-08 03:46:42,1,47.270995163216185,0
2017-01-08 04:46:13,1,126.92214045631827,0
2017-01-08 05:45:50,1,79.21840705086578,0
2017-01-08 06:45:48,2,134.9636343554647,0
2017-01-08 07:44:10,1,143.69220045626292,0
2017-01-08 08:43:07,1,93.24935434050812,0
2017-01-08 09:43:44,2,220.46199968930455,0
2017-01-08 10:43:20,2,182.89310163892435,0
2017-01-08 11:42:52,2,242.6406248918888,0
2017-01-08 12:43:06,1,90.63179146750755,0
2017-01-08 13:44:23,2,187.35009171524206,0
2017-01-08 14:43:21,1,140.46982356571226,0
2017-01-08 15:44:37,1,137.6777966722672,0
2017-01-08 16:45:04,2,200.99837618101355,0
2017-01-08 17:43:44,1,84.86809538236592,0
2017-01-08 18:44:30,2,127.2620941433571,0
2017-01-08 19:44:01,1,131.71084942361546,0
2017-01-08 20:44:42,1,93.31940589771332,0
2017-01-08 21:44:25,1,133.35996503394708,0
2017-01-08 22:44:59,1,131.71388111895183,0
2017-01-08 23:44:23,2,209.47732290766527,0
2017-01-09 00:42:28,1,126.5891523087542,0
2017-01-09 01:41:34,1,156.1985576697436,0
2017-01-09 02:39:44,2,103.97195263384575,0
2017-01-09 03:39:17,2,169.0110292232629,0
2017-01-09 04:39:03,2,155.58163402921136,0
2017-01-09 05:36:41,2,186.90569390341517,0
2017-01-09 06:37:30,2,225.48357885805126,0
2017-01-09 07:36:29,1,92.92192314558574,0
2017-01-09 08:37:48,1,165.48625169672576,0
2017-01-09 09:37:29,1,125.40864543693884,0
2017-01-09 10:39:31,1,110.00423666885038,0
2017-01-09 11:39:39,1,132.1197402939905,0
2017-01-09 12:37:52,2,207.24763494806535,0
2017-01-09 13:37:23,1,114.26611455229006,0
2017-01-09 14:36:21,2,114.25052492706517,0
2017-01-09 15:36:25,1,93.69085985449657,0
2017-01-09 16:35:16,2,212.42856579591086,0
2017-01-09 17:36:00,2,124.2829689433162,0
2017-01-09 18:36:40,1,157.4282503616456,0
2017-01-09 19:37:11,1,127.04879981573073,0
2017-01-09 20:38:29,1,116.72861427611319,0
2017-01-09 21:38:39,2,148.34392803253795,0
2017-01-09 22:39:59,1,144.2118205204657,0
2017-01-09 23:39:14,2,185.72771904445023,0
2017-01-10 00:40:04,2,259.4743027877488,0
2017-01-10 01:39:13,1,140.38100576098822,0
2017-01-10 02:39:55,1,113.5702387164043,0
2017-01-10 03:39:36,1,92.49621685220212,0
2017-01-10 04:38:51,1,79.79903293722397,0
2017-01-10 05:39:43,2,91.88819719500177,0
2017-01-10 06:40:36,1,126.97369497548917,0
2017-01-10 07:40:22,2,174.88962715043945,0
2017-01-10 08:39:38,2,164.78594908383897,0
2017-01-10 09:38:51,1,105.96240257514529,0
2017-01-10 10:37:51,2,191.8374864875983,0
2017-01-10 11:38:34,1,122.02260648989117,0
2017-01-10 12:38:57,2,219.0439086155055,0
2017-01-10 13:38:10,2,204.62296921623147,0
2017-01-10 14:38:52,2,600.0,1
2017-01-10 15:38:46,1,154.5057516051725,0
2017-01-10 16:39:24,2,240.67427686174943,0
2017-01-10 17:38:28,1,106.25906244882601,0
2017-01-10 18:38:22,1,134.31391356190335,0
2017-01-10 19:38:34,1,117.21182900170523,0
2017-01-10 20:37:13,1,122.4171283573823,0
2017-01-10 21:36:36,2,181.07309851181213,0
2017-01-10 22:36:20,2,211.43363960316807,0
2017-01-10 23:37:15,1,121.7573746593031,0
2017-01-11 00:36:53,1,87.17456628612118,0
2017-01-11 01:37:29,2,600.0,1
2017-01-11 02:37:35,1,125.49619115612518,0
2017-01-11 03:38:46,1,113.37264228433651,0
2017-01-11 04:39:12,1,173.70806466815924,0
2017-01-11 05:40:22,1,115.13553184674262,0
2017-01-11 06:39:20,2,161.95191755827994,0
2017-01-11 07:39:58,1,94.93839822908961,0
2017-01-11 08:38:48,1,600.0,1
2017-01-11 09:36:54,2,196.24129907403727,0
2017-01-11 10:36:41,1,107.91837029092792,0
2017-01-11 11:35:26,1,146.0236781464815,0
2017-01-11 12:34:43,1,73.4644676867661,0
2017-01-11 13:34:02,1,110.44633616854728,0
2017-01-11 14:34:42,1,117.15235180461013,0
2017-01-11 15:33:34,2,258.3924527647647,0
2017-01-11 16:32:58,1,79.31274770599548,0
2017-01-11 17:33:01,1,102.50294964734766,0
2017-01-11 18:33:43,1,146.19722671111285,0
2017-01-11 19:33:50,1,124.54764007469979,0
2017-01-11 20:33:42,2,175.2573053152135,0
2017-01-11 21:33:04,2,161.97467380237637,0
2017-01-11 22:33:52,2,192.2368615474592,0
2017-01-11 23:35:00,1,131.18404868061674,0
2017-01-12 00:33:09,1,121.52333456300427,0
2017-01-12 01:32:37,2,135.0485189788848,0
2017-01-12 02:32:33,1,107.44972021056903,0
2017-01-12 03:32:13,1,54.680004541047495,0
2017-01-12 04:32:46,1,115.10505549933076,0
2017-01-12 05:32:25,1,161.081120864973,0
2017-01-12 06:31:30,2,244.3085850521408,0
2017-01-12 07:31:38,1,153.58612106121225,0
2017-01-12 08:31:44,1,122.4905995085688,0
2017-01-12 09:32:13,2,203.3152759790749,0
2017-01-12 10:31:16,1,134.80896664592717,0
2017-01-12 11:33:28,2,220.19917579808907,0
2017-01-12 12:34:04,2,206.62006656560925,0
2017-01-12 13:35:51,2,131.39200022881667,0
2017-01-12 14:35:45,2,155.89853736906093,0
2017-01-12 15:36:18,2,193.3466258732289,0
2017-01-12 16:35:13,1,143.62100971672365,0
2017-01-12 17:34:54,2,113.45030521603675,0
2017-01-12 18:36:03,1,139.8665292391809,0
2017-01-12 19:35:45,1,139.7357542969027,0
2017-01-12 20:34:05,2,173.01697986547902,0
2017-01-12 21:35:11,1,116.7002989818198,0
2017-01-12 22:33:55,2,258.8546444641045,0
2017-01-12 23:36:02,2,226.00186051137973,0
2017-01-13 00:35:52,1,116.63217937875892,0
2017-01-13 01:37:47,2,220.8573964268925,0
2017-01-13 02:37:54,1,146.44559857946467,0
2017-01-13 03:36:38,1,110.59428863503817,0
2017-01-13 04:36:04,1,87.049975602601,0
2017-01-13 05:34:21,1,117.09679301421264,0
2017-01-13 06:33:46,2,153.88285647176912,0
2017-01-13 07:34:00,1,163.86342311662173,0
2017-01-13 08:33:31,2,147.3240828669735,0
2017-01-13 09:34:24,1,150.31272855780475,0
2017-01-13 10:34:09,1,84.7576692168846,0
2017-01-13 11:33:18,1,165.28006820177401,0
2017-01-13 12:31:35,2,195.14129117411585,0
2017-01-13 13:31:51,2,123.57009370269645,0
2017-01-13 14:31:34,2,217.0180264786364,0
2017-01-13 15:30:17,2,187.36822884659927,0
2017-01-13 16:30:00,1,50.68016430780378,0
2017-01-13 17:30:50,2,255.89889042856777,0
2017-01-13 18:30:22,2,179.65699854897775,0
2017-01-13 19:31:02,2,298.06536678969456,0
2017-01-13 20:30:05,2,116.61262502729778,0
2017-01-13 21:29:39,1,132.06545765526226,0
2017-01-13 22:29:07,1,173.96704361923457,0
2017-01-13 23:27:58,1,107.25042461487755,0
2017-01-14 00:28:48,2,199.94321936036914,0
2017-01-14 01:27:45,2,173.17482231945587,0
2017-01-14 02:27:58,2,205.72375546813458,0
2017-01-14 03:27:39,1,163.4800216588772,0
2017-01-14 04:27:01,2,168.5856873485081,0
2017-01-14 05:25:54,1,132.6518858311315,0
2017-01-14 06:25:14,1,121.07505074855305,0
2017-01-14 07:26:41,1,146.04015990804078,0
2017-01-14 08:27:35,1,124.04570285588683,0
2017-01-14 09:28:35,1,66.5794143163386,0
2017-01-14 10:28:41,1,130.67809259973336,0
2017-01-14 11:28:36,1,107.91225708375485,0
2017-01-14 12:26:48,1,129.12066674602005,0
2017-01-14 13:25:28,2,123.67007657246458,0
2017-01-14 14:26:08,1,131.66324660770147,0
2017-01-14 15:26:29,2,600.0,1
2017-01-14 16:25:35,2,202.4171406390922,0
2017-01-14 17:26:28,2,186.67281586226497,0
2017-01-14 18:26:10,2,203.94516245382593,0
2017-01-14 19:26:05,1,92.25348880873156,0
2017-01-14 20:25:44,2,119.40695585966887,0
2017-01-14 21:25:17,2,142.72519153216035,0
2017-01-14 22:23:52,1,139.09784248895576,0
2017-01-14 23:24:34,2,150.29124056495817,0
2017-01-15 00:23:52,2,51.37358094756781,0
2017-01-15 01:23:56,1,100.73094559265482,0
2017-01-15 02:24:52,2,160.5467635458097,0
2017-01-15 03:25:16,2,133.8026544005324,0
2017-01-15 04:24:34,2,202.5248408911579,0
2017-01-15 05:24:13,2,232.4894350647284,0
2017-01-15 06:23:29,1,125.47060842015269,0
2017-01-15 07:22:51,2,138.64513481540408,0
2017-01-15 08:25:13,1,111.13924524159518,0
2017-01-15 09:25:15,2,151.48575382924702,0
2017-01-15 10:23:40,2,118.64928635520438,0
2017-01-15 11:25:23,2,171.8777798828719,0
2017-01-15 12:26:35,2,238.38377503791224,0
2017-01-15 13:26:59,2,217.6771440117093,0
2017-01-15 14:26:14,2,194.57696839984612,0
2017-01-15 15:26:03,1,122.79007279824013,0
2017-01-15 16:26:57,1,115.26477229056245,0
2017-01-15 17:27:53,2,133.22920796599954,0
2017-01-15 18:27:17,2,193.73793748152082,0
2017-01-15 19:27:51,2,226.17458171973632,0
2017-01-15 20:26:46,2,172.7502867911171,0
2017-01-15 21:28:38,1,69.31871546849892,0
2017-01-15 22:29:09,1,109.1684442182601,0
2017-01-15 23:28:46,2,156.8827765842303,0
2017-01-16 00:28:27,2,182.2241374165061,0
2017-01-16 01:28:53,1,169.04151733608737,0
2017-01-16 02:27:20,1,71.13562039505359,0
2017-01-16 03:28:08,2,175.70353729983805,0
2017-01-16 04:26:26,2,224.39382812444836,0
2017-01-16 05:28:19,1,97.94321144335446,0
2017-01-16 06:27:41,2,189.62537718891446,0
2017-01-16 07:27:31,1,111.88656866760284,0
2017-01-16 08:29:41,2,221.36524707240432,0
2017-01-16 09:29:10,1,135.36505337156296,0
2017-01-16 10:30:58,2,251.509006957294,0
2017-01-16 11:31:47,1,85.37693740690872,0
2017-01-16 12:31:25,2,160.1054130629836,0
2017-01-16 13:30:14,2,83.48777132284438,0
2017-01-16 14:30:42,2,201.35911135361613,0
2017-01-16 15:30:45,1,121.79443734593721,0
2017-01-16 16:31:00,2,218.55065096497825,0
2017-01-16 17:30:53,2,202.3445282328518,0
2017-01-16 18:32:20,1,162.19037434330113,0
2017-01-16 19:34:28,1,103.87843789015344,0
2017-01-16 20:34:38,2,152.47141805447612,0
2017-01-16 21:33:54,2,45.06575655352132,0
2017-01-16 22:34:48,1,152.98037977651762,0
2017-01-16 23:34:39,1,141.0956180227005,0
2017-01-17 00:35:30,1,126.78013076464795,0
2017-01-17 01:39:02,2,213.87670714823042,0
2017-01-17 02:38:43,2,195.25365942803913,0
2017-01-17 03:37:11,1,169.216289683336,0
2017-01-17 04:37:58,2,154.31154032582378,0
2017-01-17 05:37:56,1,154.52671442219363,0
2017-01-17 06:37:36,2,180.22905045201333,0
2017-01-17 07:38:46,2,187.51090787946515,0
2017-01-17 08:40:50,1,158.11152225124408,0
2017-01-17 09:40:38,1,121.24590225405116,0
2017-01-17 10:41:53,2,277.09098063361824,0
2017-01-17 11:41:39,2,223.9711406196493,0
2017-01-17 12:41:27,1,105.21144069371488,0
2017-01-17 13:42:29,2,262.8753593368057,0
2017-01-17 14:42:10,2,192.65347007522757,0
2017-01-17 15:40:28,1,102.94549824222707,0
2017-01-17 16:41:05,1,140.5529398761151,0
2017-01-17 17:40:54,1,91.72148256395911,0
2017-01-17 18:41:48,1,159.25501324651077,0
2017-01-17 19:42:08,2,155.8789051701977,0
2017-01-17 20:43:36,2,145.4130894192996,0
2017-01-17 21:45:19,1,124.30092879106034,0
2017-01-17 22:44:59,2,211.7242633476426,0
2017-01-17 23:45:54,2,174.12033881399358,0
2017-01-18 00:46:10,2,222.03796868090393,0
2017-01-18 01:47:05,2,162.15379286931048,0
2017-01-18 02:48:40,2,178.48363927980049,0
2017-01-18 03:47:10,1,130.38491816454342,0
2017-01-18 04:46:06,2,175.25724506708605,0
2017-01-18 05:45:45,2,172.84223895535712,0
2017-01-18 06:45:27,2,115.63452991386936,0
2017-01-18 07:46:51,2,118.9395427762417,0
2017-01-18 08:48:13,2,184.0310054019958,0
2017-01-18 09:47:57,2,179.5871170390771,0
2017-01-18 10:48:04,2,136.42903285003234,0
2017-01-18 11:48:58,1,70.66322418964583,0
2017-01-18 12:50:42,2,193.52719423110582,0
2017-01-18 13:51:09,1,130.7967041154205,0
2017-01-18 14:53:23,2,183.07001298967748,0
2017-01-18 15:51:36,2,74.71958771203373,0
2017-01-18 16:53:12,2,310.6806621997905,0
2017-01-18 17:53:46,1,146.71467815785178,0
2017-01-18 18:54:42,1,129.33348000185018,0
2017-01-18 19:54:11,2,169.19625257793058,0
2017-01-18 20:55:01,2,130.77512588592757,0
2017-01-18 21:54:53,2,221.79943960938357,0
2017-01-18 22:52:31,1,103.49916322010384,0
2017-01-18 23:53:48,2,169.865693961261,0
2017-01-19 00:54:35,2,162.6814456805225,0
2017-01-19 01:53:57,1,162.55308767541888,0
2017-01-19 02:53:32,2,121.70722686753315,0
2017-01-19 03:51:54,1,78.55440842400017,0
2017-01-19 04:49:56,2,234.0467694567329,0
2017-01-19 05:49:38,2,174.4683805096605,0
2017-01-19 06:48:45,2,195.12662976768246,0
2017-01-19 07:48:48,2,205.53244970424,0
2017-01-19 08:48:42,2,167.1214346270765,0
2017-01-19 09:49:30,1,127.05060483395344,0
2017-01-19 10:48:26,1,96.15198386939974,0
2017-01-19 11:50:09,1,113.16773535495747,0
2017-01-19 12:51:03,2,179.51375604861872,0
2017-01-19 13:49:36,1,93.46587524623723,0
2017-01-19 14:50:52,2,229.69820126764824,0
2017-01-19 15:51:33,1,127.31477017074188,0
2017-01-19 16:51:37,2,228.82022962866313,0
2017-01-19 17:50:42,2,160.96440521845742,0
2017-01-19 18:49:11,1,103.21812324531649,0
2017-01-19 19:49:42,2,160.6920364969966,0
2017-01-19 20:49:21,1,95.85573666798321,0
2017-01-19 21:48:46,2,220.37021827332154,0
2017-01-19 22:49:39,1,73.05307459286884,0
2017-01-19 23:49:02,1,94.6383782387989,0
2017-01-20 00:49:16,2,155.46590876781727,0
2017-01-20 01:47:45,2,213.55055402598663,0
2017-01-20 02:47:18,2,135.96456932902998,0
2017-01-20 03:47:23,2,202.71131395975672,0
2017-01-20 04:46:33,2,144.2855788979549,0
2017-01-20 05:47:03,1,101.40477455612817,0
2017-01-20 06:45:48,1,51.76317549573547,0
2017-01-20 07:47:34,1,75.10515670430271,0
2017-01-20 08:46:28,2,112.3298688824328,0
2017-01-20 09:46:36,1,53.679861245707,0
2017-01-20 10:45:59,1,76.90340181269893,0
2017-01-20 11:45:44,1,136.64446860901498,0
2017-01-20 12:44:48,2,170.97263176276613,0
2017-01-20 13:44:57,1,121.40313125476841,0
2017-01-20 14:43:14,1,113.33650799819343,0
2017-01-20 15:42:18,1,120.07264530551005,0
2017-01-20 16:41:13,1,100.62104074582382,0
2017-01-20 17:40:38,1,127.43552354518192,0
2017-01-20 18:39:47,1,126.46532950334387,0
2017-01-20 19:41:31,2,184.78204105161677,0
2017-01-20 20:40:22,2,273.28509256144923,0
2017-01-20 21:38:57,1,112.51241314906926,0
2017-01-20 22:39:30,2,139.19451461275293,0
2017-01-20 23:40:04,2,151.7440528829257,0
2017-01-21 00:40:06,2,155.6257161773858,0
2017-01-21 01:40:20,2,111.32506558603764,0
2017-01-21 02:40:09,2,165.28612714719188,0
2017-01-21 03:40:26,1,141.80093796501154,0
2017-01-21 04:39:42,1,136.61601270294523,0
2017-01-21 05:39:22,2,134.07176158748203,0
2017-01-21 06:38:05,2,237.1323773510131,0
2017-01-21 07:38:09,2,231.7301091822281,0
2017-01-21 08:39:46,1,106.7139911795968,0
2017-01-21 09:38:40,2,183.26980118193137,0
2017-01-21 10:38:30,2,185.57811947231673,0
2017-01-21 11:38:41,1,118.08668835176049,0
2017-01-21 12:38:24,2,193.27557875680924,0
2017-01-21 13:37:32,2,221.74344611953947,0
2017-01-21 14:38:06,1,73.77119492252535,0
2017-01-21 15:38:18,2,159.80895408929777,0
2017-01-21 16:38:21,1,119.67145112314616,0
2017-01-21 17:37:22,2,219.98969093753044,0
2017-01-21 18:38:03,1,117.8664624724297,0
2017-01-21 19:38:35,2,160.67296630359147,0
2017-01-21 20:36:50,2,82.66431837960452,0
2017-01-21 21:36:49,1,109.28893020782367,0
2017-01-21 22:36:15,2,173.08743575283674,0
2017-01-21 23:36:49,1,130.73583280572885,0
2017-01-22 00:35:15,2,191.9463041243901,0
2017-01-22 01:36:17,2,157.4842704256435,0
2017-01-22 02:36:51,2,179.1652634101176,0
2017-01-22 03:37:36,1,166.2244187763323,0
2017-01-22 04:38:12,1,102.03914966839682,0
2017-01-22 05:36:44,1,70.40728502433086,0
2017-01-22 06:36:52,1,108.91949173870441,0
2017-01-22 07:37:11,2,140.49651000815098,0
2017-01-22 08:35:38,1,139.59208584200223,0
2017-01-22 09:35:49,1,106.42985085630448,0
2017-01-22 10:36:38,2,210.36557500714633,0
2017-01-22 11:35:46,2,249.82110327492953,0
2017-01-22 12:35:13,1,71.07183639315133,0
2017-01-22 13:34:44,2,203.21646744229776,0
2017-01-22 14:34:06,1,93.51402694011928,0
2017-01-22 15:32:58,1,94.45330202395304,0
2017-01-22 16:34:24,1,72.67246940230773,0
2017-01-22 17:34:05,2,235.64077153211355,0
2017-01-22 18:35:23,2,191.67397710211122,0
2017-01-22 19:35:28,2,242.44714479582518,0
2017-01-22 20:33:54,2,215.6945881420422,0
2017-01-22 21:32:49,1,117.99452653212113,0
2017-01-22 22:33:50,1,129.8949358014003,0
2017-01-22 23:34:03,1,85.9403794795771,0
2017-01-23 00:34:09,2,162.54314944652725,0
2017-01-23 01:33:55,2,196.16443152734752,0
2017-01-23 02:33:27,2,127.11981402466097,0
2017-01-23 03:33:04,2,200.12577013443178,0
2017-01-23 04:36:02,1,137.0309359680271,0
2017-01-23 05:36:19,1,120.9025549753544,0
2017-01-23 06:36:32,2,195.63843922222458,0
2017-01-23 07:36:29,1,127.35680363924301,0
2017-01-23 08:37:41,2,131.89811428337626,0
2017-01-23 09:37:08,2,166.74981025336746,0
2017-01-23 10:35:33,2,236.38400829534163,0
2017-01-23 11:34:25,2,126.51388134849931,0
2017-01-23 12:34:01,2,228.18597978605175,0
2017-01-23 13:34:06,1,108.29362579223748,0
2017-01-23 14:33:36,2,60.14627087562334,0
2017-01-23 15:33:14,1,131.10332341687314,0
2017-01-23 16:33:07,1,105.51839183214801,0
2017-01-23 17:33:06,2,118.04503186876835,0
2017-01-23 18:32:57,2,188.58073806749405,0
2017-01-23 19:34:22,2,152.91818786239253,0
2017-01-23 20:34:22,2,216.3584968095052,0
2017-01-23 21:35:47,2,167.83654442178343,0
2017-01-23 22:36:27,2,8.196418514322396,0
2017-01-23 23:35:58,2,90.11472122814651,0
2017-01-24 00:37:08,2,169.90765481064318,0
2017-01-24 01:36:38,1,131.72614791898084,0
2017-01-24 02:36:21,1,45.4663144402239,0
2017-01-24 03:35:14,2,247.89404723735925,0
2017-01-24 04:35:24,2,175.75407924865826,0
2017-01-24 05:34:00,1,108.7091471208271,0
2017-01-24 06:33:24,2,226.40102163234172,0
2017-01-24 07:31:28,1,133.9146710815137,0
2017-01-24 08:32:01,2,188.01787423846147,0
2017-01-24 09:31:01,1,75.20314758547717,0
2017-01-24 10:30:31,1,88.9835975762625,0
2017-01-24 11:31:44,2,94.91943233260098,0
2017-01-24 12:30:54,2,184.41317118862867,0
2017-01-24 13:32:13,1,87.08999467412931,0
2017-01-24 14:30:51,1,181.17138915406156,0
2017-01-24 15:29:03,1,140.77260478715206,0
2017-01-24 16:27:22,1,160.01443082216528,0
2017-01-24 17:27:34,1,63.30357286308063,0
2017-01-24 18:28:46,2,173.61031195394335,0
2017-01-24 19:28:05,1,172.72875695631143,0
2017-01-24 20:29:36,1,72.10889224912498,0
2017-01-24 21:29:32,1,142.82838067512373,0
2017-01-24 22:29:44,1,175.09323507834975,0
2017-01-24 23:30:58,2,187.3135143244236,0
2017-01-25 00:31:38,2,165.07601937374096,0
2017-01-25 01:29:59,2,143.02322302662344,0
2017-01-25 02:28:21,2,95.88774696871957,0
2017-01-25 03:28:12,1,132.66613076402265,0
2017-01-25 04:28:21,1,130.9887431261728,0
2017-01-25 05:27:33,1,130.12070288453967,0
2017-01-25 06:28:29,1,93.37390950109156,0
2017-01-25 07:29:21,2,146.19795922669692,0
2017-01-25 08:30:06,1,86.9186319408056,0
2017-01-25 09:30:00,1,105.51979292072802,0
2017-01-25 10:31:27,2,84.03011870754968,0
2017-01-25 11:31:52,1,120.84968206062862,0
2017-01-25 12:32:09,1,148.91830239025683,0
2017-01-25 13:31:13,1,66.83113531691347,0
2017-01-25 14:30:07,2,175.42114985333356,0
2017-01-25 15:29:40,1,88.94821451500346,0
2017-01-25 16:31:12,2,141.58586708267507,0
2017-01-25 17:31:05,1,131.73065813147304,0
2017-01-25 18:30:54,2,197.88122084166486,0
2017-01-25 19:31:41,2,171.69774214588068,0
2017-01-25 20:31:43,1,129.33280441212645,0
2017-01-25 21:31:44,1,93.90202700510753,0
2017-01-25 22:29:46,2,171.34418334221806,0
2017-01-25 23:27:58,2,194.60649984136523,0
2017-01-26 00:27:14,2,216.41255044308426,0
2017-01-26 01:27:11,2,220.27840606072894,0
2017-01-26 02:26:57,2,132.6540546669697,0
2017-01-26 03:27:11,2,233.5408962860418,0
2017-01-26 04:27:33,1,126.92732016592194,0
2017-01-26 05:27:20,2,156.11148465764992,0
2017-01-26 06:28:28,2,293.5204381515191,0
2017-01-26 07:28:23,1,142.9197666157483,0
2017-01-26 08:28:32,2,162.6591767374283,0
2017-01-26 09:27:26,1,136.3948301762394,0
2017-01-26 10:27:38,1,59.45796221749771,0
2017-01-26 11:26:32,2,170.0652215005809,0
2017-01-26 12:25:44,1,76.83667176677181,0
2017-01-26 13:25:51,1,147.7587819863488,0
2017-01-26 14:26:24,2,187.4528797285203,0
2017-01-26 15:25:08,1,55.13536005669732,0
2017-01-26 16:24:06,2,253.26341052103498,0
2017-01-26 17:22:33,2,194.25096092287072,0
2017-01-26 18:21:51,2,210.74559343741703,0
2017-01-26 19:21:31,2,180.9163247928504,0
2017-01-26 20:21:54,2,154.85341063870723,0
2017-01-26 21:21:15,1,108.70765627151906,0
2017-01-26 22:21:58,2,169.55764206385754,0
2017-01-26 23:19:39,1,117.47666383521045,0
2017-01-27 00:21:12,1,119.40330693079386,0
2017-01-27 01:21:30,2,115.6051468514809,0
2017-01-27 02:21:58,1,145.1204100561465,0
2017-01-27 03:21:44,2,176.16519086700646,0
2017-01-27 04:21:35,1,71.42600671568698,0
2017-01-27 05:21:22,1,151.79732008848353,0
2017-01-27 06:20:55,2,176.70194615534695,0
2017-01-27 07:21:07,2,149.6798333195392,0
2017-01-27 08:20:30,1,157.86379587374614,0
2017-01-27 09:20:26,2,169.24905556390542,0
2017-01-27 10:20:39,1,54.053544508246986,0
2017-01-27 11:22:00,1,67.54380444126468,0
2017-01-27 12:20:43,2,98.62034910798548,0
2017-01-27 13:21:57,1,112.23941659451084,0
2017-01-27 14:23:11,2,240.15941227254459,0
2017-01-27 15:23:47,2,142.34488930304673,0
2017-01-27 16:24:48,2,208.88602807080565,0
2017-01-27 17:25:12,2,186.73947034382982,0
2017-01-27 18:23:03,2,108.86262337289976,0
2017-01-27 19:22:31,1,114.81840334551454,0
2017-01-27 20:22:09,1,149.00445703628614,0
2017-01-27 21:22:46,1,105.69934800851239,0
2017-01-27 22:22:04,2,132.51596806755975,0
2017-01-27 23:23:51,2,131.35195951608665,0
2017-01-28 00:25:49,1,113.26396465148649,0
2017-01-28 01:24:30,1,139.09712949712255,0
2017-01-28 02:24:13,1,126.39751800609993,0
2017-01-28 03:24:55,1,107.81351408894365,0
2017-01-28 04:25:34,1,133.86888948985694,0
2017-01-28 05:27:42,2,209.83339839627297,0
2017-01-28 06:28:20,2,190.73339460669143,0
2017-01-28 07:27:15,2,134.50285914949012,0
2017-01-28 08:27:15,1,123.26354615096011,0
2017-01-28 09:28:25,1,99.46890424965902,0
2017-01-28 10:27:04,2,228.08829334355133,0
2017-01-28 11:26:43,1,107.52626713707434,0
2017-01-28 12:25:33,1,136.36738073963883,0
2017-01-28 13:24:46,2,146.40357895478576,0
2017-01-28 14:26:34,1,127.2111123029464,0
2017-01-28 15:26:45,2,177.36518250086024,0
2017-01-28 16:24:58,2,170.58667652873845,0
2017-01-28 17:26:11,2,183.39440722973376,0
2017-01-28 18:26:48,1,116.35973718953187,0
2017-01-28 19:27:13,1,126.52145170088998,0
2017-01-28 20:26:26,1,122.41140622471022,0
2017-01-28 21:27:07,2,117.40800579117143,0
2017-01-28 22:26:17,1,154.0802073062762,0
2017-01-28 23:28:15,2,188.4290385784427,0
2017-01-29 00:28:47,1,92.49144333722607,0
2017-01-29 01:31:18,2,241.43329650281464,0
2017-01-29 02:31:13,1,188.32151928065934,0
2017-01-29 03:32:05,2,159.9686286262396,0
2017-01-29 04:32:28,1,115.27418803147484,0
2017-01-29 05:30:36,1,134.94727380361795,0
2017-01-29 06:32:24,1,127.63677412936076,0
2017-01-29 07:31:11,1,156.66397138348543,0
2017-01-29 08:31:46,1,163.32166015120768,0
2017-01-29 09:31:27,2,229.59594233962662,0
2017-01-29 10:31:40,2,132.4761809119533,0
2017-01-29 11:32:32,2,125.89897903168844,0
2017-01-29 12:32:06,1,180.50385653104013,0
2017-01-29 13:32:09,1,137.86018958173887,0
2017-01-29 14:31:47,2,241.80819247387623,0
2017-01-29 15:30:20,2,148.80278212285754,0
2017-01-29 16:31:59,2,98.20990029418138,0
2017-01-29 17:31:18,2,217.14249569587147,0
2017-01-29 18:31:39,2,211.9987852696874,0
2017-01-29 19:32:07,1,151.34904176460176,0
2017-01-29 20:29:44,2,173.94277955933507,0
2017-01-29 21:30:22,2,67.47276602267655,0
2017-01-29 22:31:01,1,178.7975635154317,0
2017-01-29 23:30:52,2,157.49339524298574,0
2017-01-30 00:33:15,1,132.04936312778315,0
2017-01-30 01:33:59,1,95.51345139865714,0
2017-01-30 02:33:14,2,170.32653954659884,0
2017-01-30 03:31:22,1,184.99985617036754,0
2017-01-30 04:31:44,1,127.21091831913904,0
2017-01-30 05:32:06,2,140.4129120887726,0
2017-01-30 06:32:01,1,104.77957836367125,0
2017-01-30 07:29:59,2,223.51150106118786,0
2017-01-30 08:27:37,1,104.79389557261418,0
2017-01-30 09:28:17,2,129.85919112491226,0
2017-01-30 10:25:49,2,178.50174223711906,0
2017-01-30 11:25:16,1,74.71102423591093,0
2017-01-30 12:25:56,2,195.04189451802628,0
2017-01-30 13:25:20,2,116.63817256642332,0
2017-01-30 14:26:53,2,255.16311407192984,0
2017-01-30 15:28:04,2,132.53829443821826,0
2017-01-30 16:28:06,2,208.25091256381512,0
2017-01-30 17:28:47,2,81.87447264615656,0
2017-01-30 18:29:12,2,150.67053951675547,0
2017-01-30 19:28:34,2,195.02591845601802,0
2017-01-30 20:27:40,2,213.28263451807896,0
2017-01-30 21:28:24,2,159.09629479224907,0
2017-01-30 22:27:51,1,177.6246271478811,0
2017-01-30 23:28:54,1,98.45770794945146,0
2017-01-31 00:29:03,1,111.87902843847371,0
2017-01-31 01:28:43,2,223.95871620998707,0
2017-01-31 02:27:08,1,103.12858222130501,0
2017-01-31 03:27:03,1,163.96116282560558,0
2017-01-31 04:27:25,2,200.75915900786677,0
2017-01-31 05:27:38,2,150.95256263147934,0
2017-01-31 06:26:12,2,185.63827139936265,0
2017-01-31 07:26:59,1,88.3731461008337,0
2017-01-31 08:27:34,2,260.88833299522946,0
2017-01-31 09:27:32,2,96.71798350301958,0
2017-01-31 10:26:57,1,134.07282819090034,0
2017-01-31 11:28:42,2,122.4986490135606,0
2017-01-31 12:29:02,2,99.23026556531497,0
2017-01-31 13:28:22,2,165.09373182215003,0
2017-01-31 14:26:16,2,309.37140404070624,0
2017-01-31 15:26:21,1,111.77043321575054,0
2017-01-31 16:25:58,1,91.40146039016804,0
2017-01-31 17:25:47,2,131.5957257142472,0
2017-01-31 18:25:20,2,102.46377096377748,0
2017-01-31 19:25:24,2,166.57242467713485,0
2017-01-31 20:24:20,1,115.8465761447698,0
2017-01-31 21:23:49,2,230.9968536096623,0
2017-01-31 22:22:45,1,109.10180261866188,0
2017-01-31 23:22:46,2,124.31867047976726,0
2017-02-01 00:23:19,2,297.36043549560435,0
2017-02-01 01:22:59,1,74.2264334251081,0
2017-02-01 02:24:41,1,145.52511873001666,0
2017-02-01 03:25:18,1,140.85863985829383,0
2017-02-01 04:24:59,2,161.3016683713598,0
2017-02-01 05:23:33,1,104.88884625419809,0
2017-02-01 06:23:59,2,219.45240182084663,0
2017-02-01 07:24:23,2,226.0984687994898,0
2017-02-01 08:24:21,1,128.8076589643893,0
2017-02-01 09:23:20,1,63.183228868040466,0
2017-02-01 10:23:48,1,154.71528534211407,0
2017-02-01 11:23:23,1,95.48110899559559,0
2017-02-01 12:22:16,1,111.9686081999779,0
2017-02-01 13:20:32,2,237.22294705162517,0
2017-02-01 14:19:26,2,193.4741639947374,0
2017-02-01 15:19:23,2,146.46776744666084,0
2017-02-01 16:19:25,2,151.57372867883947,0
2017-02-01 17:21:13,1,101.30324205877993,0
2017-02-01 18:22:28,2,254.0175496481316,0
2017-02-01 19:22:58,2,215.53122929450166,0
2017-02-01 20:22:36,1,101.12129848492157,0
2017-02-01 21:23:34,2,208.12030714660386,0
2017-02-01 22:24:14,1,116.02730264454485,0
2017-02-01 23:23:58,1,151.67658987828185,0
2017-02-02 00:25:17,2,169.8829054612396,0
2017-02-02 01:27:14,2,136.89594213504964,0
2017-02-02 02:27:08,1,142.22564385355105,0
2017-02-02 03:27:30,1,128.25744095547049,0
2017-02-02 04:28:30,1,98.59165869100633,0
2017-02-02 05:28:35,1,87.74500994430386,0
2017-02-02 06:29:24,2,170.12053135973105,0
2017-02-02 07:28:14,1,150.49276294530952,0
2017-02-02 08:28:14,2,221.1516967335105,0
2017-02-02 09:28:13,2,130.78984749821618,0
2017-02-02 10:27:31,2,176.54693717196824,0
2017-02-02 11:27:06,2,159.23491108840278,0
2017-02-02 12:27:24,2,243.31275203849125,0
2017-02-02 13:26:34,2,175.8047684364347,0
2017-02-02 14:28:10,1,152.6808554913605,0
2017-02-02 15:27:53,2,141.7647627505396,0
2017-02-02 16:27:42,1,147.42244321813072,0
2017-02-02 17:28:51,1,133.3044564695466,0
2017-02-02 18:28:27,2,172.48967851596413,0
2017-02-02 19:28:59,1,114.65441273168429,0
2017-02-02 20:29:24,1,94.63897849627662,0
2017-02-02 21:29:04,1,158.16346785890906,0
2017-02-02 22:28:16,2,179.32953628103672,0
2017-02-02 23:26:54,1,66.80442863338065,0
2017-02-03 00:27:17,1,157.87970897752018,0
2017-02-03 01:26:05,1,145.45887517527714,0
2017-02-03 02:25:17,1,103.78246642224056,0
2017-02-03 03:25:09,2,225.7501652458951,0
2017-02-03 04:27:31,2,169.4015736246874,0
2017-02-03 05:28:55,1,90.20915672542202,0
2017-02-03 06:28:58,2,149.9269057881743,0
2017-02-03 07:30:37,2,224.47219385762784,0
2017-02-03 08:30:19,1,147.3350917827587,0
2017-02-03 09:28:56,2,142.95009878932115,0
2017-02-03 10:29:31,1,130.0797711929426,0
2017-02-03 11:26:10,2,210.23442367440992,0
2017-02-03 12:24:58,2,197.42565977777235,0
2017-02-03 13:26:28,2,189.83763444160795,0
2017-02-03 14:27:00,1,144.40472061384804,0
2017-02-03 15:28:05,1,152.3281997353808,0
2017-02-03 16:26:51,2,242.07209117640002,0
2017-02-03 17:28:36,2,211.1367628536825,0
2017-02-03 18:28:18,1,141.28021831279452,0
2017-02-03 19:28:38,1,79.52730634315975,0
2017-02-03 20:28:17,2,240.7762817153958,0
2017-02-03 21:29:28,2,130.31729173878873,0
2017-02-03 22:30:27,2,229.00056769090875,0
2017-02-03 23:29:48,2,157.50113719664174,0
2017-02-04 00:29:54,2,167.01496085291336,0
2017-02-04 01:28:48,2,188.41519286284984,0
2017-02-04 02:29:39,1,87.70513765107103,0
2017-02-04 03:30:16,2,165.0966592104356,0
2017-02-04 04:30:54,1,108.01775275788057,0
2017-02-04 05:30:49,1,154.20104993885846,0
2017-02-04 06:31:34,1,126.30778348298736,0
2017-02-04 07:33:17,2,174.29320994098828,0
2017-02-04 08:32:24,1,92.15231687163805,0
2017-02-04 09:34:02,2,198.62938904735748,0
2017-02-04 10:34:23,2,167.63720231241876,0
2017-02-04 11:34:09,2,216.82651931789349,0
2017-02-04 12:35:21,2,202.2380493806118,0
2017-02-04 13:35:42,2,226.47395126641248,0
2017-02-04 14:36:25,1,134.53618990368156,0
2017-02-04 15:34:53,1,123.55767275723956,0
2017-02-04 16:34:43,2,171.18856718926668,0
2017-02-04 17:33:49,1,95.03170047261312,0
2017-02-04 18:33:08,2,246.1603399140629,0
2017-02-04 19:33:08,1,132.8835343296448,0
2017-02-04 20:33:40,2,202.69922211496913,0
2017-02-04 21:33:07,2,193.34086756045477,0
2017-02-04 22:31:07,2,179.12724948201463,0
2017-02-04 23:30:29,1,95.36436666382878,0
2017-02-05 00:30:58,2,186.68087102186118,0
2017-02-05 01:30:23,2,79.24454517845128,0
2017-02-05 02:30:57,1,143.79802480944443,0
2017-02-05 03:31:54,2,184.51978072736622,0
2017-02-05 04:33:22,2,141.1571730835081,0
2017-02-05 05:34:20,2,220.34517499165463,0
2017-02-05 06:34:17,2,173.62406942162795,0
2017-02-05 07:32:49,1,142.31094171679146,0
2017-02-05 08:34:18,2,181.87261713014357,0
2017-02-05 09:34:14,1,137.5439463449988,0
2017-02-05 10:33:49,2,96.9771589885142,0
2017-02-05 11:34:27,2,185.92836762019812,0
2017-02-05 12:36:06,2,224.03358653188684,0
2017-02-05 13:35:32,2,246.2745136762219,0
2017-02-05 14:35:00,2,135.54600193359863,0
2017-02-05 15:35:37,1,175.88230974621945,0
2017-02-05 16:34:25,1,129.11021077950852,0
2017-02-05 17:33:51,2,179.11761685528555,0
2017-02-05 18:31:45,2,103.0619045471834,0
2017-02-05 19:31:07,1,115.74167075323794,0
2017-02-05 20:30:14,1,131.10158311438946,0
2017-02-05 21:31:08,1,124.64818180368958,0
2017-02-05 22:31:58,2,220.4678694619074,0
2017-02-05 23:29:56,2,235.6953923228,0
2017-02-06 00:29:29,2,159.15607550065909,0
2017-02-06 01:30:16,1,98.86878423751493,0
2017-02-06 02:29:23,1,127.40904139111473,0
2017-02-06 03:27:59,1,120.093076823052,0
2017-02-06 04:26:57,1,118.58855822517302,0
2017-02-06 05:27:42,1,126.63603366059834,0
2017-02-06 06:28:05,2,136.27720390099648,0
2017-02-06 07:27:56,2,212.90184293265395,0
2017-02-06 08:28:09,2,221.25129620570357,0
2017-02-06 09:29:15,1,99.46210370247694,0
2017-02-06 10:29:04,2,176.8460143088643,0
2017-02-06 11:29:23,2,192.1166599238432,0
2017-02-06 12:31:04,1,195.56189522521373,0
2017-02-06 13:30:23,2,152.87775889921122,0
2017-02-06 14:29:03,1,119.45397966230357,0
2017-02-06 15:28:21,1,147.2841898098054,0
2017-02-06 16:29:38,2,192.27358310115926,0
2017-02-06 17:30:12,1,115.72847880704848,0
2017-02-06 18:31:02,1,129.05310728395145,0
2017-02-06 19:29:58,2,204.74092195889938,0
2017-02-06 20:28:22,2,192.22339877204377,0
2017-02-06 21:26:58,1,83.42896820918983,0
2017-02-06 22:27:05,1,155.33797415802957,0
2017-02-06 23:26:00,2,247.93228170352214,0
2017-02-07 00:25:36,1,164.70561608789518,0
2017-02-07 01:24:12,1,156.51905533014704,0
2017-02-07 02:24:20,1,134.4611541674167,0
2017-02-07 03:25:41,1,133.63256569147188,0
2017-02-07 04:25:00,2,131.58631456403617,0
2017-02-07 05:24:34,2,154.42559390814216,0
2017-02-07 06:24:10,1,138.7658229092794,0
2017-02-07 07:24:42,1,153.71751659327572,0
2017-02-07 08:26:14,1,101.61041364628063,0
2017-02-07 09:24:47,1,135.54940711809792,0
2017-02-07 10:23:33,2,229.1067330607849,0
2017-02-07 11:23:50,1,158.7827983653279,0
2017-02-07 12:24:20,1,137.75410023423177,0
2017-02-07 13:24:19,2,228.37400211993764,0
2017-02-07 14:25:04,2,212.19270718758952,0
2017-02-07 15:24:19,1,124.10392639990823,0
2017-02-07 16:25:05,1,53.10872560425864,0
2017-02-07 17:26:25,1,133.86909895900732,0
2017-02-07 18:25:39,1,124.42206000489979,0
2017-02-07 19:25:42,2,113.42048708651296,0
2017-02-07 20:24:42,1,89.9623783137725,0
2017-02-07 21:26:27,1,148.89866826535518,0
2017-02-07 22:27:15,2,244.82407806643744,0
2017-02-07 23:28:40,2,254.9890378618788,0
2017-02-08 00:30:13,1,132.76837397252595,0
2017-02-08 01:30:33,2,151.14801045477486,0
2017-02-08 02:29:44,1,97.17303638547253,0
2017-02-08 03:30:37,1,105.0225417740916,0
2017-02-08 04:29:56,1,89.48409483959269,0
2017-02-08 05:28:34,1,144.09210892122738,0
2017-02-08 06:26:33,2,113.90431085510922,0
2017-02-08 07:27:10,2,131.65037284258437,0
2017-02-08 08:27:28,1,155.35276004445473,0
2017-02-08 09:28:37,1,88.59959734479102,0
2017-02-08 10:27:41,2,146.58498319179125,0
2017-02-08 11:29:12,2,194.7123392407303,0
2017-02-08 12:29:43,2,138.1564732604429,0
2017-02-08 13:30:25,2,177.73360172610927,0
2017-02-08 14:30:38,2,257.73501059021584,0
2017-02-08 15:29:58,1,84.52514558136795,0
2017-02-08 16:32:25,2,164.90396951857778,0
2017-02-08 17:32:02,1,144.56338442768578,0
2017-02-08 18:33:12,1,143.62984566542963,0
2017-02-08 19:32:44,2,187.51006577188517,0
2017-02-08 20:32:34,2,185.8952114827241,0
2017-02-08 21:33:53,1,145.14534020624384,0
2017-02-08 22:35:36,2,162.59765884054292,0
2017-02-08 23:35:41,1,139.43973186495793,0
2017-02-09 00:36:19,2,182.4139112982758,0
2017-02-09 01:35:59,1,164.0847166190503,0
2017-02-09 02:34:23,2,235.2048822290779,0
2017-02-09 03:33:46,1,93.47207929011779,0
2017-02-09 04:33:59,2,202.48204318991057,0
2017-02-09 05:34:51,2,161.13012119400176,0
2017-02-09 06:34:58,2,189.72553965155652,0
2017-02-09 07:35:21,2,119.77042790064019,0
2017-02-09 08:33:57,1,126.32022548496282,0
2017-02-09 09:33:29,2,197.64821979705633,0
2017-02-09 10:35:31,1,65.01804694750942,0
2017-02-09 11:34:41,2,240.8124425410358,0
2017-02-09 12:33:38,2,125.92761106467889,0
2017-02-09 13:33:34,1,140.606492621673,0
2017-02-09 14:33:33,2,198.20592088213965,0
2017-02-09 15:34:11,1,157.3289757859207,0
2017-02-09 16:34:30,1,64.12254324496374,0
2017-02-09 17:35:32,2,135.91338344760197,0
2017-02-09 18:37:41,1,128.94041865496004,0
2017-02-09 19:38:03,1,143.5624678009667,0
2017-02-09 20:38:51,1,118.13304745232881,0
2017-02-09 21:39:23,2,210.85780035731682,0
2017-02-09 22:40:21,2,156.07746031493792,0
2017-02-09 23:41:42,1,115.16146530599255,0
2017-02-10 00:41:41,1,121.47776568178867,0
2017-02-10 01:42:01,2,181.62719623588038,0
2017-02-10 02:40:53,2,197.8371824799171,0
2017-02-10 03:40:55,1,96.0543602213944,0
2017-02-10 04:40:35,1,120.0910231974814,0
2017-02-10 05:40:25,2,180.47055435697555,0
2017-02-10 06:40:19,2,241.17406279978607,0
2017-02-10 07:40:03,2,254.0616444566425,0
2017-02-10 08:40:43,1,148.21740497530763,0
2017-02-10 09:43:51,2,91.11299308442102,0
2017-02-10 10:43:06,1,128.497765832696,0
2017-02-10 11:44:06,2,95.50350907112724,0
2017-02-10 12:44:10,2,165.9038012720705,0
2017-02-10 13:44:35,2,127.35988884262055,0
2017-02-10 14:45:29,1,192.54160655424397,0
2017-02-10 15:44:29,2,202.39756493741882,0
2017-02-10 16:44:13,2,187.39377542769276,0
2017-02-10 17:44:41,1,80.87798100276116,0
2017-02-10 18:45:45,1,110.98238554052041,0
2017-02-10 19:45:16,1,134.8402345358687,0
2017-02-10 20:44:41,2,240.85932303694966,0
2017-02-10 21:43:42,1,62.92003706274351,0
2017-02-10 22:43:53,1,121.82697915573534,0
2017-02-10 23:46:00,1,105.81173076726346,0
2017-02-11 00:47:10,1,115.73192497936778,0
2017-02-11 01:45:49,2,89.17820469395966,0
2017-02-11 02:45:49,2,174.35747639081328,0
2017-02-11 03:45:06,1,132.4687534987408,0
2017-02-11 04:45:27,1,122.34337959281308,0
2017-02-11 05:43:20,2,230.46610761088175,0
2017-02-11 06:43:37,2,241.05781261850134,0
2017-02-11 07:44:50,2,117.20641624433945,0
2017-02-11 08:43:40,2,188.04683976671095,0
2017-02-11 09:44:42,2,283.84615615536563,0
2017-02-11 10:44:22,1,167.10656794944484,0
2017-02-11 11:44:28,1,73.96220318271956,0
2017-02-11 12:43:31,1,97.42364852114946,0
2017-02-11 13:44:08,2,165.7419730666947,0
2017-02-11 14:43:10,2,203.21477879584882,0
2017-02-11 15:42:52,2,156.51838672446772,0
